{"conf_table": {"_type": "table-file", "sha256": "64d53b227faa1d9af28f0039b25e56adeb64e665247c693173315a44082c2d85", "size": 182, "artifact_path": "wandb-client-artifact://11dbde2t88bp4h3zghja29v31n7z380vr51javxpp554hn18a0ujouk3riukz4dbde8oyrrgs980v09gc74ysudqd5o9fb1o9ec98ewpvwczsju7fmm6t7hwbn301zul:latest/conf_table.table.json", "_latest_artifact_path": "wandb-client-artifact://11dbde2t88bp4h3zghja29v31n7z380vr51javxpp554hn18a0ujouk3riukz4dbde8oyrrgs980v09gc74ysudqd5o9fb1o9ec98ewpvwczsju7fmm6t7hwbn301zul:latest/conf_table.table.json", "path": "media/table/conf_table_33_64d53b227faa1d9af28f.table.json", "ncols": 3, "nrows": 4}, "_timestamp": 1664411692.5564163, "_runtime": 148.7485613822937, "_step": 35, "examples": {"_type": "table-file", "sha256": "91f6e347e7ecd02507aaae308eae951941a1290f1e97d62b6d4de16dc22ad454", "size": 1253, "artifact_path": "wandb-client-artifact://4897f861p3zxvcouzwk61ohukawfxbg371gm1zhmrzalth5jbv2hhs37i9i9uywidxfhb4zif6d4o0bkekzokpwob1mopm18kt8jc8cjcjfjb7nmhfh3asv61t9pkvio:latest/examples.table.json", "_latest_artifact_path": "wandb-client-artifact://4897f861p3zxvcouzwk61ohukawfxbg371gm1zhmrzalth5jbv2hhs37i9i9uywidxfhb4zif6d4o0bkekzokpwob1mopm18kt8jc8cjcjfjb7nmhfh3asv61t9pkvio:latest/examples.table.json", "path": "media/table/examples_34_91f6e347e7ecd02507aa.table.json", "ncols": 3, "nrows": 20}, "global_step": 133, "train/loss_step": 0.6121382713317871, "train/acc_step": 0.703125, "epoch": 0, "trainer/global_step": 133, "train/loss_epoch": 0.6348353028297424, "train/acc_epoch": 0.6564144492149353, "valid/loss_step/epoch_0": 0.4743877649307251, "valid/loss_epoch": 0.6215268969535828, "valid/acc": 0.6912751793861389, "valid/precision_macro": 0.34563758969306946, "valid/recall_macro": 0.5, "valid/precision_micro": 0.6912751793861389, "valid/recall_micro": 0.6912751793861389, "valid/f1": 0.6912751793861389}