{"conf_table": {"_type": "table-file", "sha256": "64d53b227faa1d9af28f0039b25e56adeb64e665247c693173315a44082c2d85", "size": 182, "artifact_path": "wandb-client-artifact://18wdu6hfkd2lmdvon0z7kqi978a1wzzrvxidvucidl70laub9af2birca9ei46deiqtam1os45v4n38a5qk6txuzndjr0ou85h2lb01x6dln6a8uz32qrnusx6klqeio:latest/conf_table.table.json", "_latest_artifact_path": "wandb-client-artifact://18wdu6hfkd2lmdvon0z7kqi978a1wzzrvxidvucidl70laub9af2birca9ei46deiqtam1os45v4n38a5qk6txuzndjr0ou85h2lb01x6dln6a8uz32qrnusx6klqeio:latest/conf_table.table.json", "path": "media/table/conf_table_33_64d53b227faa1d9af28f.table.json", "ncols": 3, "nrows": 4}, "_timestamp": 1664868504.037156, "_runtime": 252.87755513191223, "_step": 35, "examples": {"_type": "table-file", "sha256": "91f6e347e7ecd02507aaae308eae951941a1290f1e97d62b6d4de16dc22ad454", "size": 1253, "artifact_path": "wandb-client-artifact://cyty5qm8j8c3nb06bi39ou6il0880ctv4jztwm2tvug4frkyzrbltimyd4li9f45r21ue4yl3xtkbxaizgxh3qcc5nkolscffo8aihqdseyv3grnw2lqsygetxyws88o:latest/examples.table.json", "_latest_artifact_path": "wandb-client-artifact://cyty5qm8j8c3nb06bi39ou6il0880ctv4jztwm2tvug4frkyzrbltimyd4li9f45r21ue4yl3xtkbxaizgxh3qcc5nkolscffo8aihqdseyv3grnw2lqsygetxyws88o:latest/examples.table.json", "path": "media/table/examples_34_91f6e347e7ecd02507aa.table.json", "ncols": 3, "nrows": 20}, "global_step": 133, "train/loss_step": 0.5793288946151733, "train/acc_step": 0.734375, "epoch": 0, "trainer/global_step": 133, "train/loss_epoch": 0.6179867386817932, "train/acc_epoch": 0.6918489336967468, "valid/loss_step/epoch_0": 0.4851130545139313, "valid/loss_epoch": 0.6179181933403015, "valid/acc": 0.6912751793861389, "valid/precision_macro": 0.34563758969306946, "valid/recall_macro": 0.5, "valid/precision_micro": 0.6912751793861389, "valid/recall_micro": 0.6912751793861389, "valid/f1": 0.6912751793861389, "_wandb": {"runtime": 250}}