{"conf_table": {"_type": "table-file", "sha256": "64d53b227faa1d9af28f0039b25e56adeb64e665247c693173315a44082c2d85", "size": 182, "artifact_path": "wandb-client-artifact://11w2sjcqbc5sy4mkng8r2xc13fhud1bxe5o8xj7u1grbu0uetsyy9vr4ps1it1ihfpqnd7s7u4s29rst33ig7a1bzmao61kvh91f55s6dwbtcyb0wf6u57qr7hh1kfdg:latest/conf_table.table.json", "_latest_artifact_path": "wandb-client-artifact://11w2sjcqbc5sy4mkng8r2xc13fhud1bxe5o8xj7u1grbu0uetsyy9vr4ps1it1ihfpqnd7s7u4s29rst33ig7a1bzmao61kvh91f55s6dwbtcyb0wf6u57qr7hh1kfdg:latest/conf_table.table.json", "path": "media/table/conf_table_33_64d53b227faa1d9af28f.table.json", "ncols": 3, "nrows": 4}, "_timestamp": 1665544810.1440291, "_runtime": 128.071946144104, "_step": 35, "examples": {"_type": "table-file", "sha256": "91f6e347e7ecd02507aaae308eae951941a1290f1e97d62b6d4de16dc22ad454", "size": 1253, "artifact_path": "wandb-client-artifact://herb1vjr4fln7b1rvdc6a42knic8lvudc0pzupn6rs3pe0gftbyf8xv8cn4tytowkoo4edep3f7xoczjik0csadlnxiu7jyv3opskhftug2uetypytgxxk4t609m7jro:latest/examples.table.json", "_latest_artifact_path": "wandb-client-artifact://herb1vjr4fln7b1rvdc6a42knic8lvudc0pzupn6rs3pe0gftbyf8xv8cn4tytowkoo4edep3f7xoczjik0csadlnxiu7jyv3opskhftug2uetypytgxxk4t609m7jro:latest/examples.table.json", "path": "media/table/examples_34_91f6e347e7ecd02507aa.table.json", "ncols": 3, "nrows": 20}, "global_step": 133, "train/loss_step": 0.593478262424469, "train/acc_step": 0.71875, "epoch": 0, "trainer/global_step": 133, "train/loss_epoch": 0.6291144490242004, "train/acc_epoch": 0.6621447801589966, "valid/loss_step/epoch_0": 0.4740269184112549, "valid/loss_epoch": 0.6204769611358643, "valid/acc": 0.6912751793861389, "valid/precision_macro": 0.34563758969306946, "valid/recall_macro": 0.5, "valid/precision_micro": 0.6912751793861389, "valid/recall_micro": 0.6912751793861389, "valid/f1": 0.6912751793861389, "_wandb": {"runtime": 126}}