{"conf_table": {"_type": "table-file", "sha256": "64d53b227faa1d9af28f0039b25e56adeb64e665247c693173315a44082c2d85", "size": 182, "artifact_path": "wandb-client-artifact://epwkmu35kocwdov556s01pwfpg6z829evq2z480zqhak4a3uaw79dc9uac0b4ct7eb1zo0tmisfttmesppcs41q123y375azbpa6otuhepio67tk7j76hvqbaht99n1v:latest/conf_table.table.json", "_latest_artifact_path": "wandb-client-artifact://epwkmu35kocwdov556s01pwfpg6z829evq2z480zqhak4a3uaw79dc9uac0b4ct7eb1zo0tmisfttmesppcs41q123y375azbpa6otuhepio67tk7j76hvqbaht99n1v:latest/conf_table.table.json", "path": "media/table/conf_table_33_64d53b227faa1d9af28f.table.json", "ncols": 3, "nrows": 4}, "_timestamp": 1665544376.8411777, "_runtime": 119.69267773628235, "_step": 35, "examples": {"_type": "table-file", "sha256": "91f6e347e7ecd02507aaae308eae951941a1290f1e97d62b6d4de16dc22ad454", "size": 1253, "artifact_path": "wandb-client-artifact://15l9rbar4bjygd4m4yq3hquthva47hijpehl3myx2oss02h8ydf85gd7ma4x3qhcvonyl7vy4avlrx2op68wzgr2zwgrflbasua7k5gbz2ntzzg363we6dsompoyr1oc:latest/examples.table.json", "_latest_artifact_path": "wandb-client-artifact://15l9rbar4bjygd4m4yq3hquthva47hijpehl3myx2oss02h8ydf85gd7ma4x3qhcvonyl7vy4avlrx2op68wzgr2zwgrflbasua7k5gbz2ntzzg363we6dsompoyr1oc:latest/examples.table.json", "path": "media/table/examples_34_91f6e347e7ecd02507aa.table.json", "ncols": 3, "nrows": 20}, "global_step": 133, "train/loss_step": 0.6955351233482361, "train/acc_step": 0.609375, "epoch": 0, "trainer/global_step": 133, "train/loss_epoch": 0.6444922089576721, "train/acc_epoch": 0.6382879018783569, "valid/loss_step/epoch_0": 0.47647255659103394, "valid/loss_epoch": 0.6195656061172485, "valid/acc": 0.6912751793861389, "valid/precision_macro": 0.34563758969306946, "valid/recall_macro": 0.5, "valid/precision_micro": 0.6912751793861389, "valid/recall_micro": 0.6912751793861389, "valid/f1": 0.6912751793861389, "_wandb": {"runtime": 118}}