{"conf_table": {"_type": "table-file", "sha256": "64d53b227faa1d9af28f0039b25e56adeb64e665247c693173315a44082c2d85", "size": 182, "artifact_path": "wandb-client-artifact://hpoph6s4xyxbxkf94vc3yra50sd1bmvpzpl7wquohx26jic1oz4rbd4p8ymc1b6swgm0exfz1osroe9utd5lla9yf2rdpk3evjmc8bzc29q0ake9h5h5p9qjsl9fp04o:latest/conf_table.table.json", "_latest_artifact_path": "wandb-client-artifact://hpoph6s4xyxbxkf94vc3yra50sd1bmvpzpl7wquohx26jic1oz4rbd4p8ymc1b6swgm0exfz1osroe9utd5lla9yf2rdpk3evjmc8bzc29q0ake9h5h5p9qjsl9fp04o:latest/conf_table.table.json", "path": "media/table/conf_table_33_64d53b227faa1d9af28f.table.json", "ncols": 3, "nrows": 4}, "_timestamp": 1664540755.9274309, "_runtime": 98.59210896492004, "_step": 35, "examples": {"_type": "table-file", "sha256": "91f6e347e7ecd02507aaae308eae951941a1290f1e97d62b6d4de16dc22ad454", "size": 1253, "artifact_path": "wandb-client-artifact://99j46g2lyozej70ldtrlhogjb60jy0ow4fpifov3m4emu1y8dcadw8ab6rr5rav6qjnjhvdj3vtccsw0a4gw0t7duj95iki6r9lxwow7cubqhlaut6609utuqld5f6wk:latest/examples.table.json", "_latest_artifact_path": "wandb-client-artifact://99j46g2lyozej70ldtrlhogjb60jy0ow4fpifov3m4emu1y8dcadw8ab6rr5rav6qjnjhvdj3vtccsw0a4gw0t7duj95iki6r9lxwow7cubqhlaut6609utuqld5f6wk:latest/examples.table.json", "path": "media/table/examples_34_91f6e347e7ecd02507aa.table.json", "ncols": 3, "nrows": 20}, "global_step": 133, "train/loss_step": 0.5754417777061462, "train/acc_step": 0.734375, "epoch": 0, "trainer/global_step": 133, "train/loss_epoch": 0.6191881895065308, "train/acc_epoch": 0.698631763458252, "valid/loss_step/epoch_0": 0.4828159809112549, "valid/loss_epoch": 0.6187872886657715, "valid/acc": 0.6912751793861389, "valid/precision_macro": 0.34563758969306946, "valid/recall_macro": 0.5, "valid/precision_micro": 0.6912751793861389, "valid/recall_micro": 0.6912751793861389, "valid/f1": 0.6912751793861389, "_wandb": {"runtime": 95}}