{"conf_table": {"_type": "table-file", "sha256": "64d53b227faa1d9af28f0039b25e56adeb64e665247c693173315a44082c2d85", "size": 182, "artifact_path": "wandb-client-artifact://pob1maqec18r4sorq2hgjjkc199tg3biv8cu8weerrhnpys9bdey9wdp6jg8sjwqt25f15bknjf7dg0ea1ujdimok07uuc2vwc1vf9rza8iah443po2zmu6nfbr3r1mc:latest/conf_table.table.json", "_latest_artifact_path": "wandb-client-artifact://pob1maqec18r4sorq2hgjjkc199tg3biv8cu8weerrhnpys9bdey9wdp6jg8sjwqt25f15bknjf7dg0ea1ujdimok07uuc2vwc1vf9rza8iah443po2zmu6nfbr3r1mc:latest/conf_table.table.json", "path": "media/table/conf_table_33_64d53b227faa1d9af28f.table.json", "ncols": 3, "nrows": 4}, "_timestamp": 1664539551.6137285, "_runtime": 326.6851694583893, "_step": 35, "examples": {"_type": "table-file", "sha256": "91f6e347e7ecd02507aaae308eae951941a1290f1e97d62b6d4de16dc22ad454", "size": 1253, "artifact_path": "wandb-client-artifact://qt1yt5iin0w1r2wijkkdxj89stufj7101avpqfgyh44q9vmbboc5942j2go86wuc25auc885p6lnad6i83lljz6dc6me85zlkhd3g94ty0tztwi54caqntqr97am4tei:latest/examples.table.json", "_latest_artifact_path": "wandb-client-artifact://qt1yt5iin0w1r2wijkkdxj89stufj7101avpqfgyh44q9vmbboc5942j2go86wuc25auc885p6lnad6i83lljz6dc6me85zlkhd3g94ty0tztwi54caqntqr97am4tei:latest/examples.table.json", "path": "media/table/examples_34_91f6e347e7ecd02507aa.table.json", "ncols": 3, "nrows": 20}, "global_step": 133, "train/loss_step": 0.5635148882865906, "train/acc_step": 0.765625, "epoch": 0, "trainer/global_step": 133, "train/loss_epoch": 0.642663300037384, "train/acc_epoch": 0.6395742893218994, "valid/loss_step/epoch_0": 0.4850398600101471, "valid/loss_epoch": 0.6186127662658691, "valid/acc": 0.6912751793861389, "valid/precision_macro": 0.34563758969306946, "valid/recall_macro": 0.5, "valid/precision_micro": 0.6912751793861389, "valid/recall_micro": 0.6912751793861389, "valid/f1": 0.6912751793861389, "_wandb": {"runtime": 324}}