{"conf_table": {"_type": "table-file", "sha256": "64d53b227faa1d9af28f0039b25e56adeb64e665247c693173315a44082c2d85", "size": 182, "artifact_path": "wandb-client-artifact://dtqnd1ov098s5cqb0zv87ycyo16k2ledfc7s56gn5lca5wmj00nsnvs6s7xvhmrdd6tfb5mvewbfmfivbfl4tdwb52jabbfvrkdtjxfsqammi8se2okmsm6nu00pt4i3:latest/conf_table.table.json", "_latest_artifact_path": "wandb-client-artifact://dtqnd1ov098s5cqb0zv87ycyo16k2ledfc7s56gn5lca5wmj00nsnvs6s7xvhmrdd6tfb5mvewbfmfivbfl4tdwb52jabbfvrkdtjxfsqammi8se2okmsm6nu00pt4i3:latest/conf_table.table.json", "path": "media/table/conf_table_33_64d53b227faa1d9af28f.table.json", "ncols": 3, "nrows": 4}, "_timestamp": 1665386676.4752064, "_runtime": 192.04538226127625, "_step": 35, "examples": {"_type": "table-file", "sha256": "91f6e347e7ecd02507aaae308eae951941a1290f1e97d62b6d4de16dc22ad454", "size": 1253, "artifact_path": "wandb-client-artifact://2e8if8b2gdty60a84b6rhrvmuoqsi8uy3e85m2go3bt7rg5q1cniqmkcndotelf1l95ppvyezw20g6v9z9vrw1znoidevf63dqwt9iwbioabsx7kyqi50fky1vehvl58:latest/examples.table.json", "_latest_artifact_path": "wandb-client-artifact://2e8if8b2gdty60a84b6rhrvmuoqsi8uy3e85m2go3bt7rg5q1cniqmkcndotelf1l95ppvyezw20g6v9z9vrw1znoidevf63dqwt9iwbioabsx7kyqi50fky1vehvl58:latest/examples.table.json", "path": "media/table/examples_34_91f6e347e7ecd02507aa.table.json", "ncols": 3, "nrows": 20}, "global_step": 133, "train/loss_step": 0.616576075553894, "train/acc_step": 0.703125, "epoch": 0, "trainer/global_step": 133, "train/loss_epoch": 0.6132710576057434, "train/acc_epoch": 0.7042450904846191, "valid/loss_step/epoch_0": 0.4773677885532379, "valid/loss_epoch": 0.6189056038856506, "valid/acc": 0.6912751793861389, "valid/precision_macro": 0.34563758969306946, "valid/recall_macro": 0.5, "valid/precision_micro": 0.6912751793861389, "valid/recall_micro": 0.6912751793861389, "valid/f1": 0.6912751793861389, "_wandb": {"runtime": 190}}