{"conf_table": {"_type": "table-file", "sha256": "64d53b227faa1d9af28f0039b25e56adeb64e665247c693173315a44082c2d85", "size": 182, "artifact_path": "wandb-client-artifact://i035g10k6lo3hwg6o4atmh83xt05lop9dn16cinxmrvvzmndtmcyfhdoisrajx5zb8qu7kicnw9shf7rc484r7bnx26r7nwwe47dtj26xjhusj5tgt6nbj15xaqb17ri:latest/conf_table.table.json", "_latest_artifact_path": "wandb-client-artifact://i035g10k6lo3hwg6o4atmh83xt05lop9dn16cinxmrvvzmndtmcyfhdoisrajx5zb8qu7kicnw9shf7rc484r7bnx26r7nwwe47dtj26xjhusj5tgt6nbj15xaqb17ri:latest/conf_table.table.json", "path": "media/table/conf_table_33_64d53b227faa1d9af28f.table.json", "ncols": 3, "nrows": 4}, "_timestamp": 1665380784.1138804, "_runtime": 193.63855838775635, "_step": 35, "examples": {"_type": "table-file", "sha256": "91f6e347e7ecd02507aaae308eae951941a1290f1e97d62b6d4de16dc22ad454", "size": 1253, "artifact_path": "wandb-client-artifact://y4c2ohjo17knlcbf40764bp57c1d0vf05ltojgkqyesaiy6xm8glgeuvxi7xdeaawiir0aqkigxj8lls9ox9re4v7wwk08jtoaqq5gg800emgkyv9wpjowt92fqrjld1:latest/examples.table.json", "_latest_artifact_path": "wandb-client-artifact://y4c2ohjo17knlcbf40764bp57c1d0vf05ltojgkqyesaiy6xm8glgeuvxi7xdeaawiir0aqkigxj8lls9ox9re4v7wwk08jtoaqq5gg800emgkyv9wpjowt92fqrjld1:latest/examples.table.json", "path": "media/table/examples_34_91f6e347e7ecd02507aa.table.json", "ncols": 3, "nrows": 20}, "global_step": 133, "train/loss_step": 0.6558868288993835, "train/acc_step": 0.640625, "epoch": 0, "trainer/global_step": 133, "train/loss_epoch": 0.6126213669776917, "train/acc_epoch": 0.7031925916671753, "valid/loss_step/epoch_0": 0.488422691822052, "valid/loss_epoch": 0.6186021566390991, "valid/acc": 0.6912751793861389, "valid/precision_macro": 0.34563758969306946, "valid/recall_macro": 0.5, "valid/precision_micro": 0.6912751793861389, "valid/recall_micro": 0.6912751793861389, "valid/f1": 0.6912751793861389, "_wandb": {"runtime": 191}}