{"conf_table": {"_type": "table-file", "sha256": "64d53b227faa1d9af28f0039b25e56adeb64e665247c693173315a44082c2d85", "size": 182, "artifact_path": "wandb-client-artifact://x2fuzi8huivp6n9rh8f3d3jr65s1uxkp3t67p47p1sg8i12l63022iwg4ukpl38ma4xu194uyvn7ef7qj1ekruuvo4y8g5j934lonnya9zsom8i2jhvlsb77tgcg4pcv:latest/conf_table.table.json", "_latest_artifact_path": "wandb-client-artifact://x2fuzi8huivp6n9rh8f3d3jr65s1uxkp3t67p47p1sg8i12l63022iwg4ukpl38ma4xu194uyvn7ef7qj1ekruuvo4y8g5j934lonnya9zsom8i2jhvlsb77tgcg4pcv:latest/conf_table.table.json", "path": "media/table/conf_table_67_64d53b227faa1d9af28f.table.json", "ncols": 3, "nrows": 4}, "_timestamp": 1664867391.7698512, "_runtime": 546.708080291748, "_step": 69, "examples": {"_type": "table-file", "sha256": "91f6e347e7ecd02507aaae308eae951941a1290f1e97d62b6d4de16dc22ad454", "size": 1253, "artifact_path": "wandb-client-artifact://ko7kgg5t1yyzahmvo4kz919y28yzcv36edk55h2hbt9pt7f574whsk900ihkqr8jmly6cvgvpadyq73m60sisnmus3fl2iit3r02xqe5a00iqu97o93yd59qv7gf4pht:latest/examples.table.json", "_latest_artifact_path": "wandb-client-artifact://ko7kgg5t1yyzahmvo4kz919y28yzcv36edk55h2hbt9pt7f574whsk900ihkqr8jmly6cvgvpadyq73m60sisnmus3fl2iit3r02xqe5a00iqu97o93yd59qv7gf4pht:latest/examples.table.json", "path": "media/table/examples_68_91f6e347e7ecd02507aa.table.json", "ncols": 3, "nrows": 20}, "global_step": 267, "train/loss_step": 0.6228294372558594, "train/acc_step": 0.6875, "epoch": 1, "trainer/global_step": 267, "train/loss_epoch": 0.6069666743278503, "train/acc_epoch": 0.7043620347976685, "valid/loss_step/epoch_0": 0.4776031970977783, "valid/loss_epoch": 0.617160439491272, "valid/acc": 0.6912751793861389, "valid/precision_macro": 0.34563758969306946, "valid/recall_macro": 0.5, "valid/precision_micro": 0.6912751793861389, "valid/recall_micro": 0.6912751793861389, "valid/f1": 0.6912751793861389, "valid/loss_step/epoch_1": 0.4802159368991852, "_wandb": {"runtime": 544}}