{"conf_table": {"_type": "table-file", "sha256": "64d53b227faa1d9af28f0039b25e56adeb64e665247c693173315a44082c2d85", "size": 182, "artifact_path": "wandb-client-artifact://46i8yyl2dhi9d9lcanpwbbo1ppmuu69j5u9mdvbzh53nr9fk9ddhbfte3el7t7azsqmlznnvh7i4mvpe4yq45flrz3p65x19mv9fgkua2nrlbwb7savru45tmggzzohj:latest/conf_table.table.json", "_latest_artifact_path": "wandb-client-artifact://46i8yyl2dhi9d9lcanpwbbo1ppmuu69j5u9mdvbzh53nr9fk9ddhbfte3el7t7azsqmlznnvh7i4mvpe4yq45flrz3p65x19mv9fgkua2nrlbwb7savru45tmggzzohj:latest/conf_table.table.json", "path": "media/table/conf_table_69_64d53b227faa1d9af28f.table.json", "ncols": 3, "nrows": 4}, "_timestamp": 1664514194.613539, "_runtime": 1332.8207659721375, "_step": 71, "examples": {"_type": "table-file", "sha256": "91f6e347e7ecd02507aaae308eae951941a1290f1e97d62b6d4de16dc22ad454", "size": 1253, "artifact_path": "wandb-client-artifact://vnd9ses2gp18qff9lowhr9mm28g7gphp9uqax3ellqet6jlsdlgdfnmuwo2ry0m1vxyvwmpz4qb9vm5p3uw0slgi9a5n5v7dm2fudm3e2rtt7a0mi9mlfduofck7dfak:latest/examples.table.json", "_latest_artifact_path": "wandb-client-artifact://vnd9ses2gp18qff9lowhr9mm28g7gphp9uqax3ellqet6jlsdlgdfnmuwo2ry0m1vxyvwmpz4qb9vm5p3uw0slgi9a5n5v7dm2fudm3e2rtt7a0mi9mlfduofck7dfak:latest/examples.table.json", "path": "media/table/examples_70_91f6e347e7ecd02507aa.table.json", "ncols": 3, "nrows": 20}, "global_step": 133, "train/loss_step": 0.6380982995033264, "train/acc_step": 0.671875, "epoch": 0, "trainer/global_step": 133, "train/loss_epoch": 0.6123892068862915, "train/acc_epoch": 0.7041281461715698, "valid/loss_step/epoch_0": 0.48820650577545166, "valid/loss_epoch": 0.6182299256324768, "valid/acc": 0.6912751793861389, "valid/precision_macro": 0.34563758969306946, "valid/recall_macro": 0.5, "valid/precision_micro": 0.6912751793861389, "valid/recall_micro": 0.6912751793861389, "valid/f1": 0.6912751793861389}