{"conf_table": {"_type": "table-file", "sha256": "64d53b227faa1d9af28f0039b25e56adeb64e665247c693173315a44082c2d85", "size": 182, "artifact_path": "wandb-client-artifact://4wgfy7olp7lmnf626yacttqovwfbdh77me1eq2rcyqfxey62z34c6x4h405w1ymhcf2sbtpkbenoy7e456a7slz2h96x8jou1ehnk4c4d7g813nw0zta22qg6j03cwgi:latest/conf_table.table.json", "_latest_artifact_path": "wandb-client-artifact://4wgfy7olp7lmnf626yacttqovwfbdh77me1eq2rcyqfxey62z34c6x4h405w1ymhcf2sbtpkbenoy7e456a7slz2h96x8jou1ehnk4c4d7g813nw0zta22qg6j03cwgi:latest/conf_table.table.json", "path": "media/table/conf_table_33_64d53b227faa1d9af28f.table.json", "ncols": 3, "nrows": 4}, "_timestamp": 1664453033.4795775, "_runtime": 429.4322066307068, "_step": 35, "examples": {"_type": "table-file", "sha256": "91f6e347e7ecd02507aaae308eae951941a1290f1e97d62b6d4de16dc22ad454", "size": 1253, "artifact_path": "wandb-client-artifact://367d5yz2ve828pef2bc5cizkhwhkina497jd2qa2vcpm0sk72lzscbjac0rfyyyooqxweh1mfxgxde1nj3k70r67c75c4tocdk04rlpbo25zehu5uh9yb0wcae2jnpjh:latest/examples.table.json", "_latest_artifact_path": "wandb-client-artifact://367d5yz2ve828pef2bc5cizkhwhkina497jd2qa2vcpm0sk72lzscbjac0rfyyyooqxweh1mfxgxde1nj3k70r67c75c4tocdk04rlpbo25zehu5uh9yb0wcae2jnpjh:latest/examples.table.json", "path": "media/table/examples_34_91f6e347e7ecd02507aa.table.json", "ncols": 3, "nrows": 20}, "global_step": 133, "train/loss_step": 0.575735330581665, "train/acc_step": 0.75, "epoch": 0, "trainer/global_step": 133, "train/loss_epoch": 0.614827036857605, "train/acc_epoch": 0.7028417587280273, "valid/loss_step/epoch_0": 0.4845440089702606, "valid/loss_epoch": 0.6174392700195312, "valid/acc": 0.6912751793861389, "valid/precision_macro": 0.34563758969306946, "valid/recall_macro": 0.5, "valid/precision_micro": 0.6912751793861389, "valid/recall_micro": 0.6912751793861389, "valid/f1": 0.6912751793861389}