{"conf_table": {"_type": "table-file", "sha256": "64d53b227faa1d9af28f0039b25e56adeb64e665247c693173315a44082c2d85", "size": 182, "artifact_path": "wandb-client-artifact://19b7h0vrntwro4a4v0c1togfuue80q9zjtk68nebbu9ff250mkr6xbb55yf6cvv087pgul8u40nnjl4frf4rg3b9yeaja7mdm0a3wy7917bkh79mwv7ixxe0id80pa38:latest/conf_table.table.json", "_latest_artifact_path": "wandb-client-artifact://19b7h0vrntwro4a4v0c1togfuue80q9zjtk68nebbu9ff250mkr6xbb55yf6cvv087pgul8u40nnjl4frf4rg3b9yeaja7mdm0a3wy7917bkh79mwv7ixxe0id80pa38:latest/conf_table.table.json", "path": "media/table/conf_table_33_64d53b227faa1d9af28f.table.json", "ncols": 3, "nrows": 4}, "_timestamp": 1665544621.2560716, "_runtime": 119.44841647148132, "_step": 35, "examples": {"_type": "table-file", "sha256": "91f6e347e7ecd02507aaae308eae951941a1290f1e97d62b6d4de16dc22ad454", "size": 1253, "artifact_path": "wandb-client-artifact://1k6xkuptrwzbau3q0ylrmujr74wpw7mabnt9gk37mskjoqlz2exfmgu8561gqsx1n2v0s67ydpuzunivzfif3cnyfpkohvi3umxwrn4o38wfyoz1ec7a7x2cqfobnd2o:latest/examples.table.json", "_latest_artifact_path": "wandb-client-artifact://1k6xkuptrwzbau3q0ylrmujr74wpw7mabnt9gk37mskjoqlz2exfmgu8561gqsx1n2v0s67ydpuzunivzfif3cnyfpkohvi3umxwrn4o38wfyoz1ec7a7x2cqfobnd2o:latest/examples.table.json", "path": "media/table/examples_34_91f6e347e7ecd02507aa.table.json", "ncols": 3, "nrows": 20}, "global_step": 133, "train/loss_step": 0.6858199834823608, "train/acc_step": 0.625, "epoch": 0, "trainer/global_step": 133, "train/loss_epoch": 0.613709032535553, "train/acc_epoch": 0.7036603689193726, "valid/loss_step/epoch_0": 0.4872433543205261, "valid/loss_epoch": 0.6185086369514465, "valid/acc": 0.6912751793861389, "valid/precision_macro": 0.34563758969306946, "valid/recall_macro": 0.5, "valid/precision_micro": 0.6912751793861389, "valid/recall_micro": 0.6912751793861389, "valid/f1": 0.6912751793861389, "_wandb": {"runtime": 117}}