{"conf_table": {"_type": "table-file", "sha256": "64d53b227faa1d9af28f0039b25e56adeb64e665247c693173315a44082c2d85", "size": 182, "artifact_path": "wandb-client-artifact://41g78qj7gofmxj6f2kf0injcbb6od0g7n0bdwh69r394pa5b8xoy6tkjlihgp6j67cggeeuj09lsg9z7wz2wmilv7z3u21shx9gf1ckeu5mognprou1ctwibuptsovm7:latest/conf_table.table.json", "_latest_artifact_path": "wandb-client-artifact://41g78qj7gofmxj6f2kf0injcbb6od0g7n0bdwh69r394pa5b8xoy6tkjlihgp6j67cggeeuj09lsg9z7wz2wmilv7z3u21shx9gf1ckeu5mognprou1ctwibuptsovm7:latest/conf_table.table.json", "path": "media/table/conf_table_33_64d53b227faa1d9af28f.table.json", "ncols": 3, "nrows": 4}, "_timestamp": 1665387608.3543637, "_runtime": 224.74331378936768, "_step": 35, "examples": {"_type": "table-file", "sha256": "91f6e347e7ecd02507aaae308eae951941a1290f1e97d62b6d4de16dc22ad454", "size": 1253, "artifact_path": "wandb-client-artifact://bxo4m3k09vqqkup9qx604hc84e4yqdwk2tpklxewrclst0vuf5aepy85m1jq3czajtwoqztpc291d16p77mwsor2qwvb9epm5ylqt5y4xzm7s7jyipgdurxjlxaz97a8:latest/examples.table.json", "_latest_artifact_path": "wandb-client-artifact://bxo4m3k09vqqkup9qx604hc84e4yqdwk2tpklxewrclst0vuf5aepy85m1jq3czajtwoqztpc291d16p77mwsor2qwvb9epm5ylqt5y4xzm7s7jyipgdurxjlxaz97a8:latest/examples.table.json", "path": "media/table/examples_34_91f6e347e7ecd02507aa.table.json", "ncols": 3, "nrows": 20}, "global_step": 133, "train/loss_step": 0.6262986660003662, "train/acc_step": 0.6875, "epoch": 0, "trainer/global_step": 133, "train/loss_epoch": 0.6185463070869446, "train/acc_epoch": 0.6939539313316345, "valid/loss_step/epoch_0": 0.5019493699073792, "valid/loss_epoch": 0.6168026924133301, "valid/acc": 0.6912751793861389, "valid/precision_macro": 0.34563758969306946, "valid/recall_macro": 0.5, "valid/precision_micro": 0.6912751793861389, "valid/recall_micro": 0.6912751793861389, "valid/f1": 0.6912751793861389, "_wandb": {"runtime": 222}}