{"conf_table": {"_type": "table-file", "sha256": "64d53b227faa1d9af28f0039b25e56adeb64e665247c693173315a44082c2d85", "size": 182, "artifact_path": "wandb-client-artifact://tx6y0cf8b70v8cmks0jg3xug87i4bhnhm390mb7bmc79dtcipknrug8fn0blwxxq8otbo99fafvs5met2gwvrkjneix4ahimdjzd0ns0uz7swc40qfriuy9el1xe7mqa:latest/conf_table.table.json", "_latest_artifact_path": "wandb-client-artifact://tx6y0cf8b70v8cmks0jg3xug87i4bhnhm390mb7bmc79dtcipknrug8fn0blwxxq8otbo99fafvs5met2gwvrkjneix4ahimdjzd0ns0uz7swc40qfriuy9el1xe7mqa:latest/conf_table.table.json", "path": "media/table/conf_table_33_64d53b227faa1d9af28f.table.json", "ncols": 3, "nrows": 4}, "_timestamp": 1664864880.2835338, "_runtime": 340.3490107059479, "_step": 35, "examples": {"_type": "table-file", "sha256": "91f6e347e7ecd02507aaae308eae951941a1290f1e97d62b6d4de16dc22ad454", "size": 1253, "artifact_path": "wandb-client-artifact://128ed1q6bvqw70h4qw2o12kck0gtmezom8dhmxhhy1cn5vpmjl99hh0eqq8jijmqm9f2l5g75o3tjhpi5hjk047ftrua41zknzhrde3dkdsricw1iqbc9cga8rd4simo:latest/examples.table.json", "_latest_artifact_path": "wandb-client-artifact://128ed1q6bvqw70h4qw2o12kck0gtmezom8dhmxhhy1cn5vpmjl99hh0eqq8jijmqm9f2l5g75o3tjhpi5hjk047ftrua41zknzhrde3dkdsricw1iqbc9cga8rd4simo:latest/examples.table.json", "path": "media/table/examples_34_91f6e347e7ecd02507aa.table.json", "ncols": 3, "nrows": 20}, "global_step": 133, "train/loss_step": 0.7707349061965942, "train/acc_step": 0.53125, "epoch": 0, "trainer/global_step": 133, "train/loss_epoch": 0.6179767847061157, "train/acc_epoch": 0.6918489336967468, "valid/loss_step/epoch_0": 0.4834599792957306, "valid/loss_epoch": 0.6183276176452637, "valid/acc": 0.6912751793861389, "valid/precision_macro": 0.34563758969306946, "valid/recall_macro": 0.5, "valid/precision_micro": 0.6912751793861389, "valid/recall_micro": 0.6912751793861389, "valid/f1": 0.6912751793861389, "_wandb": {"runtime": 338}}