{"conf_table": {"_type": "table-file", "sha256": "53e8eba8db34a3d4f73afd1e1cac64141a46c1d5c77a3203ca3a6bd51dc9edb3", "size": 181, "artifact_path": "wandb-client-artifact://4mh1crywalgcuxf6fyvy8wu4mcs93cjooyor1q8gkwji6igx86oa4xtsmlei2v8omh6qctk3njz63wq09bwvv237043ov0yhddi2lqcp6mxx9rz1h7l2i0agxq62t2fu:latest/conf_table.table.json", "_latest_artifact_path": "wandb-client-artifact://4mh1crywalgcuxf6fyvy8wu4mcs93cjooyor1q8gkwji6igx86oa4xtsmlei2v8omh6qctk3njz63wq09bwvv237043ov0yhddi2lqcp6mxx9rz1h7l2i0agxq62t2fu:latest/conf_table.table.json", "path": "media/table/conf_table_21_53e8eba8db34a3d4f73a.table.json", "ncols": 3, "nrows": 4}, "_timestamp": 1664531258.9769163, "_runtime": 154.1463963985443, "_step": 23, "examples": {"_type": "table-file", "sha256": "91f6e347e7ecd02507aaae308eae951941a1290f1e97d62b6d4de16dc22ad454", "size": 1253, "artifact_path": "wandb-client-artifact://1zp6z9s521va76t4704rcf0fggn9oly6evi4eabhwn6bkg009cj3r9pvu796fu9sz4r9oky4den3y4b5lvf82bk10pi8ais71p71nq5ohvz9lwpb1fa99u1lgs8bek9b:latest/examples.table.json", "_latest_artifact_path": "wandb-client-artifact://1zp6z9s521va76t4704rcf0fggn9oly6evi4eabhwn6bkg009cj3r9pvu796fu9sz4r9oky4den3y4b5lvf82bk10pi8ais71p71nq5ohvz9lwpb1fa99u1lgs8bek9b:latest/examples.table.json", "path": "media/table/examples_22_91f6e347e7ecd02507aa.table.json", "ncols": 3, "nrows": 20}, "global_step": 65, "train/loss_step": 0.5959843397140503, "train/acc_step": 0.71875, "epoch": 1, "trainer/global_step": 65, "train/loss_epoch": 0.6018095016479492, "train/acc_epoch": 0.7173295617103577, "valid/loss_step/epoch_0": 0.6344170570373535, "valid/loss_epoch": 0.6496058702468872, "valid/acc": 0.65625, "valid/precision_macro": 0.328125, "valid/recall_macro": 0.5, "valid/precision_micro": 0.65625, "valid/recall_micro": 0.65625, "valid/f1": 0.65625, "valid/loss_step/epoch_1": 0.6365634799003601, "_wandb": {"runtime": 152}}