{"conf_table": {"_type": "table-file", "sha256": "53e8eba8db34a3d4f73afd1e1cac64141a46c1d5c77a3203ca3a6bd51dc9edb3", "size": 181, "artifact_path": "wandb-client-artifact://qfcfnyj1z2qsvdnbrnsi77zxn099jdrsvo1odlf3ok7b2fkdvvzbhkkns8a065aaq4kw9izuhs1mwwam1vm36a7qajbjg6cceqxkbu8n2o7dik364rc1u289dkmfpqwy:latest/conf_table.table.json", "_latest_artifact_path": "wandb-client-artifact://qfcfnyj1z2qsvdnbrnsi77zxn099jdrsvo1odlf3ok7b2fkdvvzbhkkns8a065aaq4kw9izuhs1mwwam1vm36a7qajbjg6cceqxkbu8n2o7dik364rc1u289dkmfpqwy:latest/conf_table.table.json", "path": "media/table/conf_table_21_53e8eba8db34a3d4f73a.table.json", "ncols": 3, "nrows": 4}, "_timestamp": 1664533804.964493, "_runtime": 56.43372201919556, "_step": 23, "examples": {"_type": "table-file", "sha256": "91f6e347e7ecd02507aaae308eae951941a1290f1e97d62b6d4de16dc22ad454", "size": 1253, "artifact_path": "wandb-client-artifact://90s1wy341362tz5s9bt5y0485qhi804u0mszvt0dq1rianlnk9opwa3dj0jzv69r067qq7477fvcryy4xreoqwyejoj1trua6qdv8pqwnli75757qnm3ube4bzsd0dyg:latest/examples.table.json", "_latest_artifact_path": "wandb-client-artifact://90s1wy341362tz5s9bt5y0485qhi804u0mszvt0dq1rianlnk9opwa3dj0jzv69r067qq7477fvcryy4xreoqwyejoj1trua6qdv8pqwnli75757qnm3ube4bzsd0dyg:latest/examples.table.json", "path": "media/table/examples_22_91f6e347e7ecd02507aa.table.json", "ncols": 3, "nrows": 20}, "global_step": 65, "train/loss_step": 0.6597684025764465, "train/acc_step": 0.640625, "epoch": 1, "trainer/global_step": 65, "train/loss_epoch": 0.6140477657318115, "train/acc_epoch": 0.6955492496490479, "valid/loss_step/epoch_0": 0.6212577819824219, "valid/loss_epoch": 0.6489782333374023, "valid/acc": 0.65625, "valid/precision_macro": 0.328125, "valid/recall_macro": 0.5, "valid/precision_micro": 0.65625, "valid/recall_micro": 0.65625, "valid/f1": 0.65625, "valid/loss_step/epoch_1": 0.624448299407959, "_wandb": {"runtime": 54}}