{"conf_table": {"_type": "table-file", "sha256": "64d53b227faa1d9af28f0039b25e56adeb64e665247c693173315a44082c2d85", "size": 182, "artifact_path": "wandb-client-artifact://71lpkw3ohlbjgmbkcxlhu2945yvlm4d13qduhrq6lka0piur5sg7cbka8ino1wp16q03ju9nssavi5c6hfr68vft2ns48woiw1ecmetmihjaf5zsyjboqcizquamyddj:latest/conf_table.table.json", "_latest_artifact_path": "wandb-client-artifact://71lpkw3ohlbjgmbkcxlhu2945yvlm4d13qduhrq6lka0piur5sg7cbka8ino1wp16q03ju9nssavi5c6hfr68vft2ns48woiw1ecmetmihjaf5zsyjboqcizquamyddj:latest/conf_table.table.json", "path": "media/table/conf_table_33_64d53b227faa1d9af28f.table.json", "ncols": 3, "nrows": 4}, "_timestamp": 1665398544.8522005, "_runtime": 798.7152044773102, "_step": 35, "examples": {"_type": "table-file", "sha256": "91f6e347e7ecd02507aaae308eae951941a1290f1e97d62b6d4de16dc22ad454", "size": 1253, "artifact_path": "wandb-client-artifact://px24rf74ru7bfn3olvu4lf4xmhv65lwhotjnzp6xhze5tjcoizchpbiz71bdcfy7a5w4kweb5ck9ga4dyka7pmebiufxwmvjh6za9wcc7g73mzzecg0dtx13p7kx55pn:latest/examples.table.json", "_latest_artifact_path": "wandb-client-artifact://px24rf74ru7bfn3olvu4lf4xmhv65lwhotjnzp6xhze5tjcoizchpbiz71bdcfy7a5w4kweb5ck9ga4dyka7pmebiufxwmvjh6za9wcc7g73mzzecg0dtx13p7kx55pn:latest/examples.table.json", "path": "media/table/examples_34_91f6e347e7ecd02507aa.table.json", "ncols": 3, "nrows": 20}, "global_step": 133, "train/loss_step": 0.6051269173622131, "train/acc_step": 0.703125, "epoch": 0, "trainer/global_step": 133, "train/loss_epoch": 0.6333631873130798, "train/acc_epoch": 0.6643667221069336, "valid/loss_step/epoch_0": 0.483066201210022, "valid/loss_epoch": 0.6169816851615906, "valid/acc": 0.6912751793861389, "valid/precision_macro": 0.34563758969306946, "valid/recall_macro": 0.5, "valid/precision_micro": 0.6912751793861389, "valid/recall_micro": 0.6912751793861389, "valid/f1": 0.6912751793861389, "_wandb": {"runtime": 794}}