{"conf_table": {"_type": "table-file", "sha256": "64d53b227faa1d9af28f0039b25e56adeb64e665247c693173315a44082c2d85", "size": 182, "artifact_path": "wandb-client-artifact://kjvmxpo5z7ec7359l0cx1368fpolyp7m01yehnq4up0u7cbn1u5j9mnowgybg49fwgfoh7sfyl99yxul91davmgaauutk9bp7fa2k53nk8yrhvq0g34fvymorcwv0xqd:latest/conf_table.table.json", "_latest_artifact_path": "wandb-client-artifact://kjvmxpo5z7ec7359l0cx1368fpolyp7m01yehnq4up0u7cbn1u5j9mnowgybg49fwgfoh7sfyl99yxul91davmgaauutk9bp7fa2k53nk8yrhvq0g34fvymorcwv0xqd:latest/conf_table.table.json", "path": "media/table/conf_table_102_64d53b227faa1d9af28f.table.json", "ncols": 3, "nrows": 4}, "_timestamp": 1664873405.906256, "_runtime": 669.5192430019379, "_step": 104, "examples": {"_type": "table-file", "sha256": "91f6e347e7ecd02507aaae308eae951941a1290f1e97d62b6d4de16dc22ad454", "size": 1253, "artifact_path": "wandb-client-artifact://nb21kimc26sbs7vib6uso4cfyfpkp2sx4gambpaxsv74dnjrgsw74umdh7obz2o5ielmygy1m6vyl90g3a013ouyympok094kmssf2wwdxbqc6zb2bexw81mlmayrrt1:latest/examples.table.json", "_latest_artifact_path": "wandb-client-artifact://nb21kimc26sbs7vib6uso4cfyfpkp2sx4gambpaxsv74dnjrgsw74umdh7obz2o5ielmygy1m6vyl90g3a013ouyympok094kmssf2wwdxbqc6zb2bexw81mlmayrrt1:latest/examples.table.json", "path": "media/table/examples_103_91f6e347e7ecd02507aa.table.json", "ncols": 3, "nrows": 20}, "global_step": 401, "train/loss_step": 0.6314863562583923, "train/acc_step": 0.671875, "epoch": 2, "trainer/global_step": 401, "train/loss_epoch": 0.6078827977180481, "train/acc_epoch": 0.7043620347976685, "valid/loss_step/epoch_0": 0.48297634720802307, "valid/loss_epoch": 0.6194060444831848, "valid/acc": 0.6912751793861389, "valid/precision_macro": 0.34563758969306946, "valid/recall_macro": 0.5, "valid/precision_micro": 0.6912751793861389, "valid/recall_micro": 0.6912751793861389, "valid/f1": 0.6912751793861389, "valid/loss_step/epoch_1": 0.48354876041412354, "valid/loss_step/epoch_2": 0.4775007665157318, "_wandb": {"runtime": 667}}