{"conf_table": {"_type": "table-file", "sha256": "64d53b227faa1d9af28f0039b25e56adeb64e665247c693173315a44082c2d85", "size": 182, "artifact_path": "wandb-client-artifact://dohscv3dnmhrde17wfc8qjbfxurd3robdnce02n6ygalp5bzgkfabbqackbtohpxhu4m8ba8ixy1fr8kjxepk6cum1r1h4pz162svxxav8od4nycc2oipc2a8im4dacz:latest/conf_table.table.json", "_latest_artifact_path": "wandb-client-artifact://dohscv3dnmhrde17wfc8qjbfxurd3robdnce02n6ygalp5bzgkfabbqackbtohpxhu4m8ba8ixy1fr8kjxepk6cum1r1h4pz162svxxav8od4nycc2oipc2a8im4dacz:latest/conf_table.table.json", "path": "media/table/conf_table_33_64d53b227faa1d9af28f.table.json", "ncols": 3, "nrows": 4}, "_timestamp": 1664522822.1347451, "_runtime": 114.33883213996887, "_step": 35, "examples": {"_type": "table-file", "sha256": "91f6e347e7ecd02507aaae308eae951941a1290f1e97d62b6d4de16dc22ad454", "size": 1253, "artifact_path": "wandb-client-artifact://jhf9cuwu523pc6icderlc6z6yfgoyydk3rmy4lmcsdrv0yqw7ysz1mp5ulxvbt7i115p808pjcbbaumm6voflivllvkdu5sb6k9gjd4f05xj32f4rawzbg9v0i02y3wv:latest/examples.table.json", "_latest_artifact_path": "wandb-client-artifact://jhf9cuwu523pc6icderlc6z6yfgoyydk3rmy4lmcsdrv0yqw7ysz1mp5ulxvbt7i115p808pjcbbaumm6voflivllvkdu5sb6k9gjd4f05xj32f4rawzbg9v0i02y3wv:latest/examples.table.json", "path": "media/table/examples_34_91f6e347e7ecd02507aa.table.json", "ncols": 3, "nrows": 20}, "global_step": 133, "train/loss_step": 0.6484509706497192, "train/acc_step": 0.65625, "epoch": 0, "trainer/global_step": 133, "train/loss_epoch": 0.6153474450111389, "train/acc_epoch": 0.6996842622756958, "valid/loss_step/epoch_0": 0.4798791706562042, "valid/loss_epoch": 0.6174083352088928, "valid/acc": 0.6912751793861389, "valid/precision_macro": 0.34563758969306946, "valid/recall_macro": 0.5, "valid/precision_micro": 0.6912751793861389, "valid/recall_micro": 0.6912751793861389, "valid/f1": 0.6912751793861389}